{
    "$schema": "http://schema.management.azure.com/schemas/2015-01-01/deploymentTemplate.json",
    "contentVersion": "1.0.0.0",
    "parameters": {
        "createDatabricksWorkspace": {
            "type": "string",
            "defaultValue": "Yes",
            "allowedValues": [ "Yes", "No" ],
            "metadata": {
                "description": "Create databricks workspace",

            }
          }
    },
    "variables": {
        "namePrefix": "[resourceGroup().name]",
        "subscriptionId": "[subscription().subscriptionId]",
        "unique": "[uniqueString(resourceGroup().id)]",
        "workspaceName": "[concat('databricks', variables('unique'))]",
        "uniqueNamePrefix": "[toLower(concat(resourceGroup().name, uniqueString(subscription().subscriptionId)))]",
        "location": "[resourceGroup().location]",
        "tier": "premium",
        "managedResourceGroupName": "[concat('databricks-rg-', variables('workspaceName'), '-', uniqueString(variables('workspaceName'), resourceGroup().id))]",
        "managedResourceGroupId": "[concat(subscription().id, '/resourceGroups/', variables('managedResourceGroupName'))]"
    },
    "resources": [
        {
            "condition": "[equals(parameters('createDatabricksWorkspace'), 'Yes')]",
            "apiVersion": "2018-04-01",
            "location": "[variables('location')]",
            "name": "[variables('workspaceName')]",
            "sku": {
                "name": "[variables('tier')]"
            },
            "properties": {
                "ManagedResourceGroupId": "[variables('managedResourceGroupId')]"
            },
            "type": "Microsoft.Databricks/workspaces"
        }
    ],
    "outputs": {
        "databricksworkspaceUrl": { "type": "string", "value": "[concat('https://', resourceGroup().location, '.azuredatabricks.net')]" },
        "databricksworkspaceLoginUrl": { "type": "string", "value": "[concat('https://',resourceGroup().location, '.azuredatabricks.net', '/aad/auth?has=\u0026Workspace=/subscriptions/', variables('subscriptionId'), '/resourceGroups/', variables('namePrefix'), '/providers/Microsoft.Databricks/workspaces/', variables('workspaceName'), '\u0026WorkspaceResourceGroupUri=/subscriptions/', variables('subscriptionId'), '/resourceGroups/', variables('managedResourceGroupName'))]" }

    }
}