{
  "$schema": "http://schema.management.azure.com/schemas/2015-01-01/deploymentTemplate.json#",
  "contentVersion": "1.0.0.0",
  "parameters": {
    "webSiteName": {
      "type": "string",
      "metadata": {
        "description": "Web site name"
    }
    },
    "webAppUrl": {
        "type": "string",
        "metadata": {
            "description": "Web App URL"
        }
    },
    "amlAssetsUrl": {
      "type": "string",
      "metadata": {
          "description": "AML assets URL"
      }
    },
    "iotHubName": {
      "type": "string",
      "metadata": {
          "description": "IOT Hub Name"
      }
    },
    "iotHubOwnerKey": {
      "type": "securestring",
      "metadata": {
          "description": "IOT Hub owner key"
      }
    },
    "iotHubDeviceKey": {
      "type": "securestring",
      "metadata": {
          "description": "IOT Hub device key"
      }
    },
    "storageAccountName": {
      "type": "string",
      "metadata": {
          "description": "Storage account name"
      }
    },
    "storageAccountKey": {
      "type": "string",
      "metadata": {
          "description": "Storage account key"
      }
    },
    "dsvmName": {
      "type": "string",
      "metadata": {
        "description": "DSVM name"
      }
    },
    "databricksWorkspaceUrl": {
      "type": "string",
      "metadata": {
        "description": "DSVM name"
      }
    },
    "eventHubConnectionString": {
      "type": "string",
      "metadata": {
        "description": "DSVM name"
      }
    },
    "featurizerJarUrl": {
      "type": "string",
      "metadata": {
        "description": "DSVM name"
      }
    },
    "databricksToken": {
      "type": "string",
      "metadata": {
        "description": "DSVM name"
      }
    },
    "scoreUrl": {
      "type": "string",
      "metadata": {
        "description": "Azure ML Web service URL"
      }
    },
    "databricksworkspaceLoginUrl": {
      "type": "string",
      "metadata": {
        "description": "Databricks Workspace Login Url"
      }
    },
    "notebooksUrl": {
      "type": "string",
      "metadata": {
        "description": "Notebooks Url"
      }
    }    
  },
  "variables": {
    "uniqueString": "[uniqueString(resourceGroup().id)]",
    "web-farm-version": "2016-09-01",
    "web-site-version": "2016-08-01",
    "unique": "[uniqueString(resourceGroup().id)]",
    "location": "[resourceGroup().location]",
    "web-farm-name": "[concat('webplan', variables('unique'))]",
    "web-site-name": "[parameters('webSiteName')]",
    "web-farm-id": "[resourceId('Microsoft.Web/serverfarms', variables('web-farm-name'))]",
    "web-site-id": "[resourceId('Microsoft.Web/sites', variables('web-site-name'))]"
  },
  "resources": [
    {
      "type": "Microsoft.Web/serverfarms",
      "name": "[variables('web-farm-name')]",
      "apiVersion": "[variables('web-farm-version')]",
      "location": "[resourceGroup().location]",
      "sku": {"name": "S1"},
      "properties": { }
    },
    {
      "type": "Microsoft.Web/sites",
      "name": "[variables('web-site-name')]",
      "apiVersion": "[variables('web-site-version')]",
      "location": "[resourceGroup().location]",
      "dependsOn": [
        "[variables('web-farm-id')]"
      ],
      "properties": {
        "serverFarmId": "[variables('web-farm-id')]"
      },
      "resources": [
        {
          "type": "extensions",
          "name": "MSDeploy",
          "apiVersion": "[variables('web-site-version')]",
          "dependsOn": [
            "[variables('web-site-id')]"
          ],
          "properties": {
            "packageUri": "[parameters('webAppUrl')]",
            "dbType": "None",
            "connectionString": ""
          }
        },
        {
          "type": "config",
          "name": "appsettings",
          "apiVersion": "[variables('web-site-version')]",
          "dependsOn": [
            "[variables('web-site-id')]",
            "[concat('Microsoft.Web/sites/', variables('web-site-name'), '/config/logs')]"
          ],
          "properties": {
            "STORAGE_ACCOUNT_NAME": "[parameters('storageAccountName')]",
            "STORAGE_ACCOUNT_KEY": "[parameters('storageAccountKey')]",
            "IOT_HUB_NAME": "[parameters('iotHubName')]",
            "IOT_HUB_OWNER_KEY": "[parameters('iotHubOwnerKey')]",
            "IOT_HUB_DEVICE_KEY": "[parameters('iotHubDeviceKey')]",
            "AML_ASSETS_URL": "[parameters('amlAssetsUrl')]",
            "DSVM_NAME": "[parameters('dsvmName')]",
            "DATABRICKS_WORKSPACE_URL": "[parameters('databricksWorkspaceUrl')]",
            "EVENT_HUB_ENDPOINT": "[parameters('eventHubConnectionString')]",
            "FEATURIZER_JAR_URL": "[parameters('featurizerJarUrl')]",
            "DATABRICKS_TOKEN": "[parameters('databricksToken')]",
            "SCORE_URL": "[parameters('scoreUrl')]",
            "WEBJOBS_IDLE_TIMEOUT": "3600",
            "DATABRICKS_WORKSPACE_LOGIN_URL": "[parameters('databricksworkspaceLoginUrl')]",
            "NOTEBOOKS_URL": "[parameters('notebooksUrl')]"
            
          }
        },
        {
          "type": "config",
          "name": "web",
          "apiVersion": "[variables('web-site-version')]",
          "dependsOn": [
            "[variables('web-site-id')]",
            "[concat('Microsoft.Web/sites/', variables('web-site-name'), '/extensions/MSDeploy')]"
          ],
          "properties": {
            "use32BitWorkerProcess": false,
            "alwaysOn": true
          }
        },
        {
          "type": "config",
          "name": "logs",
          "apiVersion": "[variables('web-site-version')]",
          "dependsOn": [
            "[variables('web-site-id')]",
            "[concat('Microsoft.Web/sites/', variables('web-site-name'), '/config/web')]"
          ],
          "properties": {
            "applicationLogs": {
              "fileSystem": {
                "level": "Verbose"
              },
              "detailedErrorMessages": {
                "enabled": true
              }
            }
          }
        },
        {
          "type": "siteextensions",
          "name": "azureappservice-python364x64",
          "apiVersion": "[variables('web-site-version')]",
          "dependsOn": [
            "[variables('web-site-id')]",
            "[concat('Microsoft.Web/sites/', variables('web-site-name'), '/config/appsettings')]"
          ],
          "properties": { }
        }
      ]
    }
  ],
  "outputs": {
    "webfarm": {
      "value": "[reference(variables('web-farm-name'))]",
      "type" : "object"
    },
    "siteHostName": {
      "value": "[reference(variables('web-site-name')).hostNames[0]]",
      "type": "string"
    }
  }
}
