{
    "$schema": "https://schema.management.azure.com/schemas/2015-01-01/deploymentTemplate.json#",
    "contentVersion": "1.0.0.0",
    "variables": {
        "iotHubVersion": "2017-07-01",
        "location": "[resourceGroup().location]",
        "resourceGroupName": "[resourceGroup().name]",
        "subscriptionId": "[subscription().subscriptionId]",
        "iotHubName": "[toLower(concat('iothub-', uniqueString(resourceGroup().id)))]",
        "sparkConsumerGroupName": "SparkConsumerGroup"
    },
    "resources": [
        {
            "type": "Microsoft.Devices/IotHubs",
            "sku": {
                "name": "S1",
                "tier": "Standard",
                "capacity": 1
            },
            "name": "[variables('iotHubName')]",
            "apiVersion": "[variables('iotHubVersion')]",
            "location": "[variables('location')]",
            "tags": {},
            "scale": null,
            "properties": {
                "operationsMonitoringProperties": {
                    "events": {
                        "None": "None",
                        "Connections": "None",
                        "DeviceTelemetry": "None",
                        "C2DCommands": "None",
                        "DeviceIdentityOperations": "None",
                        "FileUploadOperations": "None",
                        "Routes": "None"
                    }
                },
                "ipFilterRules": [],
                "eventHubEndpoints": {
                    "events": {
                        "retentionTimeInDays": 1,
                        "partitionCount": 4,
                        "partitionIds": [
                            "0",
                            "1",
                            "2",
                            "3"
                        ],
                        "path": "[variables('iotHubName')]"
                    },
                    "operationsMonitoringEvents": {
                        "retentionTimeInDays": 1,
                        "partitionCount": 4,
                        "partitionIds": [
                            "0",
                            "1",
                            "2",
                            "3"
                        ],
                        "path": "[concat(variables('iotHubName'),'-operationmonitoring')]"
                    }
                },
                "routing": {
                    "endpoints": {
                        "serviceBusQueues": [],
                        "serviceBusTopics": [],
                        "eventHubs": [],
                        "storageContainers": []
                    },
                    "routes": [],
                    "fallbackRoute": {
                        "name": "$fallback",
                        "source": "DeviceMessages",
                        "condition": "true",
                        "endpointNames": [
                            "events"
                        ],
                        "isEnabled": true
                    }
                },
                "storageEndpoints": {
                    "$default": {
                        "sasTtlAsIso8601": "PT1H",
                        "connectionString": "",
                        "containerName": ""
                    }
                },
                "enableFileUploadNotifications": false,
                "cloudToDevice": {
                    "maxDeliveryCount": 10,
                    "defaultTtlAsIso8601": "PT1H",
                    "feedback": {
                        "lockDurationAsIso8601": "PT1M",
                        "ttlAsIso8601": "PT1H",
                        "maxDeliveryCount": 10
                    }
                },
                "features": "None"
            },
            "resources": [
                {
                    "apiVersion": "[variables('iotHubVersion')]",
                    "name": "[concat(variables('iotHubName'), '/events/', variables('sparkConsumerGroupName'))]",
                    "type": "Microsoft.Devices/Iothubs/eventhubEndpoints/ConsumerGroups",
                    "dependsOn": [
                        "[concat('Microsoft.Devices/Iothubs/', variables('iotHubName'))]"
                    ],
                    "tags": {
                      "displayName": "Spark Consumer Group"
                    }
                  }
            ],
            "dependsOn": []
        }
    ],
    "outputs": {
        "iotHubName": {
            "type": "string",
            "value": "[variables('iotHubName')]"
        },
        "iotHubOwnerKey": {
            "type": "string",
            "value": "[listKeys(resourceId('Microsoft.Devices/IotHubs/Iothubkeys', variables('iotHubName'), 'iothubowner'), variables('iotHubVersion')).primaryKey]"
        },
        "iotHubDeviceKey": {
            "type": "string",
            "value": "[listKeys(resourceId('Microsoft.Devices/IotHubs/Iothubkeys', variables('iotHubName'), 'device'), variables('iotHubVersion')).primaryKey]"
        },
        "eventHubConnectionString": {
            "type": "string",
            "value": "[concat('Endpoint=',reference(resourceId('Microsoft.Devices/IoTHubs',variables('iothubname'))).eventHubEndpoints.events.endpoint,';SharedAccessKeyName=iothubowner;SharedAccessKey=',listKeys(resourceId('Microsoft.Devices/IotHubs',variables('iothubname')),variables('iotHubVersion')).value[0].primaryKey)]"
        }
    }
}
