{
    "$schema": "https://schema.management.azure.com/schemas/2015-01-01/deploymentTemplate.json#",
    "contentVersion": "1.0.0.0",
    "parameters": {
        "adminUsername": {
            "type": "string",
            "metadata": {
                "description": "Username for the Virtual Machine."
            }
        },
        "adminPassword": {
            "type": "securestring",
            "metadata": {
                "description": "Password for the Virtual Machine."
            }
        },
        "storageAccountName": {
            "type": "string",
            "metadata": {
                "description": "Storage account name."
            }
        },
        "vmSize": {
            "type": "string",
            "defaultValue": "Standard_DS3_v2",
            "metadata": {
                "description": "Size for the Virtual Machine."
			}
        },
		"fileUris": {
            "type": "string",
            "metadata": {
                "description": "URL of the extension package or file"
            }
        },
		"commandToExecute": {
            "type": "string",
            "defaultValue": "install.sh",
            "metadata": {
                "description": "Extension bash script command to execute"
            }
        }

    },
    "variables": {
        "location": "[resourceGroup().location]",
        "imagePublisher": "microsoft-ads",
        "imageOffer": "linux-data-science-vm-ubuntu",
        "OSDiskName": "osdiskforlinuxsimple",
        "DataDiskName": "datadiskforlinuxsimple",
        "sku": "linuxdsvmubuntu",
        "vmName": "[toLower(concat('pm', uniqueString(resourceGroup().id)))]",
        "nicName": "[variables('vmName')]",
        "addressPrefix": "10.0.0.0/16",
        "subnetName": "Subnet",
        "subnetPrefix": "10.0.0.0/24",
        "publicIPAddressType": "Dynamic",
        "publicIPAddressName": "[variables('vmName')]",
        "vmStorageAccountContainerName": "vhds",
        "vmSize": "[parameters('vmSize')]",
        "virtualNetworkName": "[variables('vmName')]",
        "vnetID": "[resourceId('Microsoft.Network/virtualNetworks',variables('virtualNetworkName'))]",
        "subnetRef": "[concat(variables('vnetID'),'/subnets/',variables('subnetName'))]",
        "fileUris": "[parameters('fileUris')]",
        "commandToExecute": "[parameters('commandToExecute')]",
        "storageVersion": "2017-06-01"
    },
    "resources": [
        {
            "type": "Microsoft.Storage/storageAccounts",
            "name": "[parameters('storageAccountName')]",
            "apiVersion": "[variables('storageVersion')]",
            "location": "[variables('location')]"
        },
        {
            "apiVersion": "2016-10-01",
            "type": "Microsoft.Network/publicIPAddresses",
            "name": "[variables('publicIPAddressName')]",
            "location": "[variables('location')]",
            "properties": {
                "publicIPAllocationMethod": "[variables('publicIPAddressType')]",
                "dnsSettings": {
                    "domainNameLabel": "[variables('publicIPAddressName')]"
                }
            }
        },
        {
            "apiVersion": "2015-05-01-preview",
            "type": "Microsoft.Network/virtualNetworks",
            "name": "[variables('virtualNetworkName')]",
            "location": "[variables('location')]",
            "properties": {
                "addressSpace": {
                    "addressPrefixes": [
                        "[variables('addressPrefix')]"
                    ]
                },
                "subnets": [
                    {
                        "name": "[variables('subnetName')]",
                        "properties": {
                            "addressPrefix": "[variables('subnetPrefix')]"
                        }
                    }
                ]
            }
        },
        {
            "apiVersion": "2015-05-01-preview",
            "type": "Microsoft.Network/networkInterfaces",
            "name": "[variables('nicName')]",
            "location": "[variables('location')]",
            "dependsOn": [
                "[concat('Microsoft.Network/publicIPAddresses/', variables('publicIPAddressName'))]",
                "[concat('Microsoft.Network/virtualNetworks/', variables('virtualNetworkName'))]"
            ],
            "properties": {
                "ipConfigurations": [
                    {
                        "name": "ipconfig1",
                        "properties": {
                            "privateIPAllocationMethod": "Dynamic",
                            "publicIPAddress": {
                                "id": "[resourceId('Microsoft.Network/publicIPAddresses',variables('publicIPAddressName'))]"
                            },
                            "subnet": {
                                "id": "[variables('subnetRef')]"
                            }
                        }
                    }
                ]
            }
        },
        {
            "apiVersion": "2015-06-15",
            "type": "Microsoft.Compute/virtualMachines",
            "name": "[variables('vmName')]",
            "location": "[variables('location')]",
            "plan": {
                "name": "[variables('sku')]",
                "product": "[variables('imageOffer')]",
                "publisher": "[variables('imagePublisher')]"
            },
            "tags": {
                "Application": "DataScience"
            },
            "dependsOn": [
                "[concat('Microsoft.Storage/storageAccounts/', parameters('storageAccountName'))]",
                "[concat('Microsoft.Network/networkInterfaces/', variables('nicName'))]"
            ],
            "properties": {
                "hardwareProfile": {
                    "vmSize": "[variables('vmSize')]"
                },
                "osProfile": {
                    "computerName": "[variables('vmName')]",
                    "adminUsername": "[parameters('adminUsername')]",
                    "adminPassword": "[parameters('adminPassword')]"
                },
                "storageProfile": {
                    "imageReference": {
                        "publisher": "[variables('imagePublisher')]",
                        "offer": "[variables('imageOffer')]",
                        "sku": "[variables('sku')]",
                        "version": "latest"
                    },
                    "osDisk": {
                        "name": "osdisk",
                        "vhd": {
                            "uri": "[concat('http://',parameters('storageAccountName'),'.blob.core.windows.net/',variables('vmStorageAccountContainerName'),'/',variables('OSDiskName'), variables('vmName'),  '.vhd')]"
                        },
                        "caching": "ReadWrite",
                        "createOption": "FromImage"
                    },
                    "dataDisks": [
                        {
                            "name": "data-0",
                            "vhd": {
                                "uri": "[concat('http://',parameters('storageAccountName'),'.blob.core.windows.net/',variables('vmStorageAccountContainerName'),'/',variables('DataDiskName'), variables('vmName'), '.vhd')]"
                            },
                            "createOption": "fromImage",
                            "lun": 0
                        }
                    ]
                },
                "networkProfile": {
                    "networkInterfaces": [
                        {
                            "id": "[resourceId('Microsoft.Network/networkInterfaces',variables('nicName'))]"
                        }
                    ]
                },
                "diagnosticsProfile": {
                    "bootDiagnostics": {
                        "enabled": "true",
                        "storageUri": "[concat('http://',parameters('storageAccountName'),'.blob.core.windows.net')]"
                    }
                }
            },
			"resources": [
			 {
			  "type": "extensions",
			  "name": "[variables('vmName')]",
			  "apiVersion": "2015-06-15",
			  "location": "[variables('location')]",
			  "dependsOn": [
				"[concat('Microsoft.Compute/virtualMachines/', variables('vmName'))]"
			  ],
			  "properties": {
				"publisher": "Microsoft.OSTCExtensions",
				"type": "CustomScriptForLinux",
				"typeHandlerVersion": "1.4",
				"autoUpgradeMinorVersion": true,
				"settings": {
				  "fileUris": "[split(variables('fileUris'), ' ')]",
				  "commandToExecute": "[variables('commandToExecute')]"
				}
			  }
			 }
			]
        }
    ],
    "outputs": {
        "vmName": {
            "type": "string",
            "value": "[variables('vmName')]"
        },
        "fqdn": {
        	"type": "string",
        	"value": "[reference(resourceId('Microsoft.Network/publicIPAddresses', variables('publicIPAddressName')),'2016-10-01').dnsSettings.fqdn]"
        }
    }
}